{"lr":0.01,"momentum":0.0686981431,"n_d":8.0,"weight_decay":0.0000939007,"n_steps":2.0}