{"lr":0.01,"momentum":0.0175086767,"n_d":32.0,"weight_decay":0.0000973786,"n_steps":9.0}